{"episode_lengths": [701], "initial_reset_timestamp": 1583624588.9510853, "episode_rewards": [120.0], "timestamps": [1583624589.4992924], "episode_types": ["t"]}